{
  "frame_size": [
    96,
    96
  ],
  "animations": {
    "run": {
      "frames": [
        {
          "x": 0,
          "y": 0,
          "w": 96,
          "h": 96
        },
        {
          "x": 96,
          "y": 0,
          "w": 96,
          "h": 96
        },
        {
          "x": 192,
          "y": 0,
          "w": 96,
          "h": 96
        },
        {
          "x": 288,
          "y": 0,
          "w": 96,
          "h": 96
        }
      ],
      "fps": 10,
      "loop": true
    },
    "jump": {
      "frames": [
        {
          "x": 0,
          "y": 0,
          "w": 96,
          "h": 96
        }
      ],
      "fps": 1,
      "loop": false
    },
    "dead": {
      "frames": [
        {
          "x": 0,
          "y": 0,
          "w": 96,
          "h": 96
        }
      ],
      "fps": 1,
      "loop": false
    }
  }
}